"","X0","cluster","cells","cellnames"
"1",0,6,"RHC3546__Tcell__.C6E879","RHC3546__Tcell__.C6E879"
"2",0,1,"RHC3546__Tcell__.C6E879","RHC3552__Epithelial__.2749FE"
"3",0,1,"RHC3546__Tcell__.C6E879","RHC3553__Epithelial__.2749FE"
"4",0,6,"RHC3546__Tcell__.C6E879","RHC3555__Bcell__.7DEA7B"
"5",0,5,"RHC3546__Tcell__.C6E879","RHC3556__Epithelial__.2749FE"
"6",0,6,"RHC3546__Tcell__.C6E879","RHC3557__Bcell__.7DEA7B"
"7",0,6,"RHC3546__Tcell__.C6E879","RHC3562__Bcell__.7DEA7B"
"8",0,1,"RHC3546__Tcell__.C6E879","RHC3563__Bcell__.7DEA7B"
"9",0,5,"RHC3546__Tcell__.C6E879","RHC3565__Epithelial__.2749FE"
"10",0,5,"RHC3546__Tcell__.C6E879","RHC3567__Epithelial__.2749FE"
"11",0,1,"RHC3546__Tcell__.C6E879","RHC3568__Epithelial__.2749FE"
"12",0,5,"RHC3546__Tcell__.C6E879","RHC3569__Epithelial__.2749FE"
"13",0,1,"RHC3546__Tcell__.C6E879","RHC3570__NA__grey"
"14",0,5,"RHC3546__Tcell__.C6E879","RHC3577__Epithelial__.2749FE"
"15",0,5,"RHC3546__Tcell__.C6E879","RHC3579__Epithelial__.2749FE"
"16",0,5,"RHC3546__Tcell__.C6E879","RHC3581__Epithelial__.2749FE"
"17",0,2,"RHC3546__Tcell__.C6E879","RHC3582__Macrophage__.FFFF55"
"18",0,1,"RHC3546__Tcell__.C6E879","RHC3584__Epithelial__.2749FE"
"19",0,1,"RHC3546__Tcell__.C6E879","RHC3585__Epithelial__.2749FE"
"20",0,5,"RHC3546__Tcell__.C6E879","RHC3589__Epithelial__.2749FE"
"21",0,1,"RHC3546__Tcell__.C6E879","RHC3590__Epithelial__.2749FE"
"22",0,7,"RHC3546__Tcell__.C6E879","RHC3591__Epithelial__.2749FE"
"23",0,1,"RHC3546__Tcell__.C6E879","RHC3593__Epithelial__.2749FE"
"24",0,6,"RHC3546__Tcell__.C6E879","RHC3594__Bcell__.7DEA7B"
"25",0,5,"RHC3546__Tcell__.C6E879","RHC3596__Bcell__.7DEA7B"
"26",0,2,"RHC3546__Tcell__.C6E879","RHC3597__Epithelial__.2749FE"
"27",0,1,"RHC3546__Tcell__.C6E879","RHC3598__Epithelial__.2749FE"
"28",0,2,"RHC3546__Tcell__.C6E879","RHC3599__Epithelial__.2749FE"
"29",0,6,"RHC3546__Tcell__.C6E879","RHC3600__Bcell__.7DEA7B"
"30",0,6,"RHC3546__Tcell__.C6E879","RHC3602__Bcell__.7DEA7B"
"31",0,1,"RHC3546__Tcell__.C6E879","RHC3606__NA__grey"
"32",0,1,"RHC3546__Tcell__.C6E879","RHC3608__Epithelial__.2749FE"
"33",0,1,"RHC3546__Tcell__.C6E879","RHC3609__Epithelial__.2749FE"
"34",0,1,"RHC3546__Tcell__.C6E879","RHC3617__Epithelial__.2749FE"
"35",0,1,"RHC3546__Tcell__.C6E879","RHC3619__Epithelial__.2749FE"
"36",0,5,"RHC3546__Tcell__.C6E879","RHC3621__Epithelial__.2749FE"
"37",0,1,"RHC3546__Tcell__.C6E879","RHC3625__Epithelial__.2749FE"
"38",0,1,"RHC3546__Tcell__.C6E879","RHC3628__Epithelial__.2749FE"
"39",0,5,"RHC3546__Tcell__.C6E879","RHC3629__Epithelial__.2749FE"
"40",0,6,"RHC3546__Tcell__.C6E879","RHC3633__Bcell__.7DEA7B"
"41",0,5,"RHC3546__Tcell__.C6E879","RHC3635__Epithelial__.2749FE"
"42",0,1,"RHC3546__Tcell__.C6E879","RHC3638__Epithelial__.2749FE"
"43",0,5,"RHC3546__Tcell__.C6E879","RHC3640__Epithelial__.2749FE"
"44",0,5,"RHC3546__Tcell__.C6E879","RHC3641__Epithelial__.2749FE"
"45",0,3,"RHC3546__Tcell__.C6E879","RHC3835__Fibroblast__.FB4E09"
"46",0,3,"RHC3546__Tcell__.C6E879","RHC3836__Epithelial__.2749FE"
"47",0,3,"RHC3546__Tcell__.C6E879","RHC3837__Epithelial__.2749FE"
"48",0,3,"RHC3546__Tcell__.C6E879","RHC3838__Epithelial__.2749FE"
"49",0,3,"RHC3546__Tcell__.C6E879","RHC3839__Epithelial__.2749FE"
"50",0,3,"RHC3546__Tcell__.C6E879","RHC3840__Epithelial__.2749FE"
"51",0,3,"RHC3546__Tcell__.C6E879","RHC3843__Fibroblast__.FB4E09"
"52",0,3,"RHC3546__Tcell__.C6E879","RHC3844__Epithelial__.2749FE"
"53",0,5,"RHC3546__Tcell__.C6E879","RHC3845__Epithelial__.2749FE"
"54",0,3,"RHC3546__Tcell__.C6E879","RHC3846__Epithelial__.2749FE"
"55",0,3,"RHC3546__Tcell__.C6E879","RHC3847__Fibroblast__.FB4E09"
"56",0,3,"RHC3546__Tcell__.C6E879","RHC3848__Epithelial__.2749FE"
"57",0,3,"RHC3546__Tcell__.C6E879","RHC3849__Epithelial__.2749FE"
"58",0,3,"RHC3546__Tcell__.C6E879","RHC3850__Epithelial__.2749FE"
"59",0,3,"RHC3546__Tcell__.C6E879","RHC3851__Fibroblast__.FB4E09"
"60",0,3,"RHC3546__Tcell__.C6E879","RHC3852__Epithelial__.2749FE"
"61",0,3,"RHC3546__Tcell__.C6E879","RHC3854__Endothelial__.908DE5"
"62",0,5,"RHC3546__Tcell__.C6E879","RHC3855__Epithelial__.2749FE"
"63",0,3,"RHC3546__Tcell__.C6E879","RHC3856__Epithelial__.2749FE"
"64",0,3,"RHC3546__Tcell__.C6E879","RHC3862__Epithelial__.2749FE"
"65",0,3,"RHC3546__Tcell__.C6E879","RHC3863__Epithelial__.2749FE"
"66",0,3,"RHC3546__Tcell__.C6E879","RHC3864__Epithelial__.2749FE"
"67",0,3,"RHC3546__Tcell__.C6E879","RHC3865__Epithelial__.2749FE"
"68",0,2,"RHC3546__Tcell__.C6E879","RHC3866__Macrophage__.FFFF55"
"69",0,3,"RHC3546__Tcell__.C6E879","RHC3868__Epithelial__.2749FE"
"70",0,3,"RHC3546__Tcell__.C6E879","RHC3869__Epithelial__.2749FE"
"71",0,3,"RHC3546__Tcell__.C6E879","RHC3870__Epithelial__.2749FE"
"72",0,3,"RHC3546__Tcell__.C6E879","RHC3871__Epithelial__.2749FE"
"73",0,3,"RHC3546__Tcell__.C6E879","RHC3872__Epithelial__.2749FE"
"74",0,3,"RHC3546__Tcell__.C6E879","RHC3874__Epithelial__.2749FE"
"75",0,3,"RHC3546__Tcell__.C6E879","RHC3875__Epithelial__.2749FE"
"76",0,3,"RHC3546__Tcell__.C6E879","RHC3876__Epithelial__.2749FE"
"77",0,3,"RHC3546__Tcell__.C6E879","RHC3878__Epithelial__.2749FE"
"78",0,3,"RHC3546__Tcell__.C6E879","RHC3879__Epithelial__.2749FE"
"79",0,3,"RHC3546__Tcell__.C6E879","RHC3881__Epithelial__.2749FE"
"80",0,3,"RHC3546__Tcell__.C6E879","RHC3882__Epithelial__.2749FE"
"81",0,3,"RHC3546__Tcell__.C6E879","RHC3883__Epithelial__.2749FE"
"82",0,3,"RHC3546__Tcell__.C6E879","RHC3884__Epithelial__.2749FE"
"83",0,3,"RHC3546__Tcell__.C6E879","RHC3885__Fibroblast__.FB4E09"
"84",0,2,"RHC3546__Tcell__.C6E879","RHC3886__Macrophage__.FFFF55"
"85",0,3,"RHC3546__Tcell__.C6E879","RHC3890__Fibroblast__.FB4E09"
"86",0,3,"RHC3546__Tcell__.C6E879","RHC3891__Epithelial__.2749FE"
"87",0,3,"RHC3546__Tcell__.C6E879","RHC3894__Endothelial__.908DE5"
"88",0,3,"RHC3546__Tcell__.C6E879","RHC3895__Fibroblast__.FB4E09"
"89",0,3,"RHC3546__Tcell__.C6E879","RHC3897__Epithelial__.2749FE"
"90",0,3,"RHC3546__Tcell__.C6E879","RHC3898__Epithelial__.2749FE"
"91",0,3,"RHC3546__Tcell__.C6E879","RHC3900__Epithelial__.2749FE"
"92",0,3,"RHC3546__Tcell__.C6E879","RHC3902__Epithelial__.2749FE"
"93",0,7,"RHC3546__Tcell__.C6E879","RHC3911__Epithelial__.2749FE"
"94",0,3,"RHC3546__Tcell__.C6E879","RHC3915__Epithelial__.2749FE"
"95",0,3,"RHC3546__Tcell__.C6E879","RHC3919__Epithelial__.2749FE"
"96",0,3,"RHC3546__Tcell__.C6E879","RHC3922__Epithelial__.2749FE"
"97",0,3,"RHC3546__Tcell__.C6E879","RHC3923__Epithelial__.2749FE"
"98",0,3,"RHC3546__Tcell__.C6E879","RHC3925__Epithelial__.2749FE"
"99",0,2,"RHC3546__Tcell__.C6E879","RHC3901__Epithelial__.2749FE"
"100",0,2,"RHC3546__Tcell__.C6E879","RHC3903__Epithelial__.2749FE"
"101",0,1,"RHC3546__Tcell__.C6E879","RHC3904__Epithelial__.2749FE"
"102",0,4,"RHC3546__Tcell__.C6E879","RHC3905__Epithelial__.2749FE"
"103",0,1,"RHC3546__Tcell__.C6E879","RHC3906__Tcell__.C6E879"
"104",0,2,"RHC3546__Tcell__.C6E879","RHC3907__Macrophage__.FFFF55"
"105",0,2,"RHC3546__Tcell__.C6E879","RHC3909__Macrophage__.FFFF55"
"106",0,2,"RHC3546__Tcell__.C6E879","RHC3910__Epithelial__.2749FE"
"107",0,4,"RHC3546__Tcell__.C6E879","RHC3912__Bcell__.7DEA7B"
"108",0,5,"RHC3546__Tcell__.C6E879","RHC3914__Epithelial__.2749FE"
"109",0,1,"RHC3546__Tcell__.C6E879","RHC3920__Epithelial__.2749FE"
"110",0,5,"RHC3546__Tcell__.C6E879","RHC3924__Epithelial__.2749FE"
"111",0,2,"RHC3546__Tcell__.C6E879","RHC3926__Epithelial__.2749FE"
"112",0,2,"RHC3546__Tcell__.C6E879","RHC3927__Macrophage__.FFFF55"
"113",0,2,"RHC3546__Tcell__.C6E879","RHC3947__Epithelial__.2749FE"
"114",0,1,"RHC3546__Tcell__.C6E879","RHC4014__Epithelial__.2749FE"
"115",0,5,"RHC3546__Tcell__.C6E879","RHC4021__Epithelial__.2749FE"
"116",0,4,"RHC3546__Tcell__.C6E879","RHC4122__Epithelial__.2749FE"
"117",0,7,"RHC3546__Tcell__.C6E879","RHC4123__Epithelial__.2749FE"
"118",0,5,"RHC3546__Tcell__.C6E879","RHC4124__Epithelial__.2749FE"
"119",0,3,"RHC3546__Tcell__.C6E879","RHC4128__Fibroblast__.FB4E09"
"120",0,4,"RHC3546__Tcell__.C6E879","RHC4130__Epithelial__.2749FE"
"121",0,5,"RHC3546__Tcell__.C6E879","RHC4131__Epithelial__.2749FE"
"122",0,7,"RHC3546__Tcell__.C6E879","RHC4134__Epithelial__.2749FE"
"123",0,7,"RHC3546__Tcell__.C6E879","RHC4141__Epithelial__.2749FE"
"124",0,7,"RHC3546__Tcell__.C6E879","RHC4142__Epithelial__.2749FE"
"125",0,4,"RHC3546__Tcell__.C6E879","RHC4144__Epithelial__.2749FE"
"126",0,4,"RHC3546__Tcell__.C6E879","RHC4148__Epithelial__.2749FE"
"127",0,1,"RHC3546__Tcell__.C6E879","RHC4155__Epithelial__.2749FE"
"128",0,7,"RHC3546__Tcell__.C6E879","RHC4159__Epithelial__.2749FE"
"129",0,7,"RHC3546__Tcell__.C6E879","RHC4161__Epithelial__.2749FE"
"130",0,3,"RHC3546__Tcell__.C6E879","RHC4165__Fibroblast__.FB4E09"
"131",0,3,"RHC3546__Tcell__.C6E879","RHC4169__Fibroblast__.FB4E09"
"132",0,4,"RHC3546__Tcell__.C6E879","RHC4174__Epithelial__.2749FE"
"133",0,7,"RHC3546__Tcell__.C6E879","RHC4196__Epithelial__.2749FE"
"134",0,7,"RHC3546__Tcell__.C6E879","RHC4031__Epithelial__.2749FE"
"135",0,2,"RHC3546__Tcell__.C6E879","RHC4045__MastCell__.E596C5"
"136",0,7,"RHC3546__Tcell__.C6E879","RHC4050__Epithelial__.2749FE"
"137",0,2,"RHC3546__Tcell__.C6E879","RHC4051__Macrophage__.FFFF55"
"138",0,6,"RHC3546__Tcell__.C6E879","RHC4053__Tcell__.C6E879"
"139",0,7,"RHC3546__Tcell__.C6E879","RHC4065__Epithelial__.2749FE"
"140",0,2,"RHC3546__Tcell__.C6E879","RHC4067__Macrophage__.FFFF55"
"141",0,7,"RHC3546__Tcell__.C6E879","RHC4068__Epithelial__.2749FE"
"142",0,7,"RHC3546__Tcell__.C6E879","RHC4073__Epithelial__.2749FE"
"143",0,1,"RHC3546__Tcell__.C6E879","RHC4075__Epithelial__.2749FE"
"144",0,3,"RHC3546__Tcell__.C6E879","RHC4079__Fibroblast__.FB4E09"
"145",0,6,"RHC3546__Tcell__.C6E879","RHC4080__Bcell__.7DEA7B"
"146",0,6,"RHC3546__Tcell__.C6E879","RHC4083__Bcell__.7DEA7B"
"147",0,7,"RHC3546__Tcell__.C6E879","RHC4859__Epithelial__.2749FE"
"148",0,7,"RHC3546__Tcell__.C6E879","RHC4861__Epithelial__.2749FE"
"149",0,7,"RHC3546__Tcell__.C6E879","RHC4862__Epithelial__.2749FE"
"150",0,7,"RHC3546__Tcell__.C6E879","RHC4864__Bcell__.7DEA7B"
"151",0,5,"RHC3546__Tcell__.C6E879","RHC4866__Endothelial__.908DE5"
"152",0,7,"RHC3546__Tcell__.C6E879","RHC4871__Epithelial__.2749FE"
"153",0,4,"RHC3546__Tcell__.C6E879","RHC4872__Epithelial__.2749FE"
"154",0,7,"RHC3546__Tcell__.C6E879","RHC4874__Epithelial__.2749FE"
"155",0,7,"RHC3546__Tcell__.C6E879","RHC4877__Epithelial__.2749FE"
"156",0,7,"RHC3546__Tcell__.C6E879","RHC4878__Epithelial__.2749FE"
"157",0,7,"RHC3546__Tcell__.C6E879","RHC4879__Epithelial__.2749FE"
"158",0,5,"RHC3546__Tcell__.C6E879","RHC4880__Epithelial__.2749FE"
"159",0,5,"RHC3546__Tcell__.C6E879","RHC4881__Epithelial__.2749FE"
"160",0,6,"RHC3546__Tcell__.C6E879","RHC4886__Tcell__.C6E879"
"161",0,4,"RHC3546__Tcell__.C6E879","RHC4887__Epithelial__.2749FE"
"162",0,7,"RHC3546__Tcell__.C6E879","RHC4890__Epithelial__.2749FE"
"163",0,6,"RHC3546__Tcell__.C6E879","RHC4897__Bcell__.7DEA7B"
"164",0,7,"RHC3546__Tcell__.C6E879","RHC4900__Epithelial__.2749FE"
"165",0,7,"RHC3546__Tcell__.C6E879","RHC4902__Epithelial__.2749FE"
"166",0,5,"RHC3546__Tcell__.C6E879","RHC4910__Epithelial__.2749FE"
"167",0,5,"RHC3546__Tcell__.C6E879","RHC4911__Epithelial__.2749FE"
"168",0,4,"RHC3546__Tcell__.C6E879","RHC4915__Epithelial__.2749FE"
"169",0,7,"RHC3546__Tcell__.C6E879","RHC4916__Epithelial__.2749FE"
"170",0,5,"RHC3546__Tcell__.C6E879","RHC4921__Epithelial__.2749FE"
"171",0,7,"RHC3546__Tcell__.C6E879","RHC4922__Epithelial__.2749FE"
"172",0,7,"RHC3546__Tcell__.C6E879","RHC4924__Epithelial__.2749FE"
"173",0,7,"RHC3546__Tcell__.C6E879","RHC4925__Epithelial__.2749FE"
"174",0,7,"RHC3546__Tcell__.C6E879","RHC4926__Epithelial__.2749FE"
"175",0,7,"RHC3546__Tcell__.C6E879","RHC4931__Epithelial__.2749FE"
"176",0,7,"RHC3546__Tcell__.C6E879","RHC4935__Epithelial__.2749FE"
"177",0,7,"RHC3546__Tcell__.C6E879","RHC4937__Epithelial__.2749FE"
"178",0,7,"RHC3546__Tcell__.C6E879","RHC4938__Epithelial__.2749FE"
"179",0,7,"RHC3546__Tcell__.C6E879","RHC4940__Epithelial__.2749FE"
"180",0,7,"RHC3546__Tcell__.C6E879","RHC4944__Epithelial__.2749FE"
"181",0,7,"RHC3546__Tcell__.C6E879","RHC4945__Epithelial__.2749FE"
"182",0,7,"RHC3546__Tcell__.C6E879","RHC4947__Epithelial__.2749FE"
"183",0,2,"RHC3546__Tcell__.C6E879","RHC4743__Epithelial__.2749FE"
"184",0,6,"RHC3546__Tcell__.C6E879","RHC4745__Tcell__.C6E879"
"185",0,5,"RHC3546__Tcell__.C6E879","RHC4746__Epithelial__.2749FE"
"186",0,6,"RHC3546__Tcell__.C6E879","RHC4747__Tcell__.C6E879"
"187",0,2,"RHC3546__Tcell__.C6E879","RHC4751__Macrophage__.FFFF55"
"188",0,6,"RHC3546__Tcell__.C6E879","RHC4755__Tcell__.C6E879"
"189",0,4,"RHC3546__Tcell__.C6E879","RHC4757__Epithelial__.2749FE"
"190",0,2,"RHC3546__Tcell__.C6E879","RHC4758__Macrophage__.FFFF55"
"191",0,4,"RHC3546__Tcell__.C6E879","RHC4760__Epithelial__.2749FE"
"192",0,5,"RHC3546__Tcell__.C6E879","RHC4761__Epithelial__.2749FE"
"193",0,1,"RHC3546__Tcell__.C6E879","RHC4763__Epithelial__.2749FE"
"194",0,1,"RHC3546__Tcell__.C6E879","RHC4767__Macrophage__.FFFF55"
"195",0,5,"RHC3546__Tcell__.C6E879","RHC4768__Epithelial__.2749FE"
"196",0,3,"RHC3546__Tcell__.C6E879","RHC4769__Fibroblast__.FB4E09"
"197",0,6,"RHC3546__Tcell__.C6E879","RHC4771__Tcell__.C6E879"
"198",0,5,"RHC3546__Tcell__.C6E879","RHC4772__Epithelial__.2749FE"
"199",0,1,"RHC3546__Tcell__.C6E879","RHC4774__Epithelial__.2749FE"
"200",0,3,"RHC3546__Tcell__.C6E879","RHC4775__Fibroblast__.FB4E09"
"201",0,6,"RHC3546__Tcell__.C6E879","RHC4776__Tcell__.C6E879"
"202",0,5,"RHC3546__Tcell__.C6E879","RHC4780__Epithelial__.2749FE"
"203",0,5,"RHC3546__Tcell__.C6E879","RHC4781__Epithelial__.2749FE"
"204",0,5,"RHC3546__Tcell__.C6E879","RHC4784__Epithelial__.2749FE"
"205",0,2,"RHC3546__Tcell__.C6E879","RHC4787__Macrophage__.FFFF55"
"206",0,5,"RHC3546__Tcell__.C6E879","RHC4788__Epithelial__.2749FE"
"207",0,5,"RHC3546__Tcell__.C6E879","RHC4789__Epithelial__.2749FE"
"208",0,3,"RHC3546__Tcell__.C6E879","RHC4797__Fibroblast__.FB4E09"
"209",0,6,"RHC3546__Tcell__.C6E879","RHC4800__Tcell__.C6E879"
"210",0,5,"RHC3546__Tcell__.C6E879","RHC4801__Epithelial__.2749FE"
"211",0,6,"RHC3546__Tcell__.C6E879","RHC4804__Tcell__.C6E879"
"212",0,5,"RHC3546__Tcell__.C6E879","RHC4807__Epithelial__.2749FE"
"213",0,2,"RHC3546__Tcell__.C6E879","RHC4810__Macrophage__.FFFF55"
"214",0,4,"RHC3546__Tcell__.C6E879","RHC4811__Epithelial__.2749FE"
"215",0,5,"RHC3546__Tcell__.C6E879","RHC4813__Epithelial__.2749FE"
"216",0,1,"RHC3546__Tcell__.C6E879","RHC4815__Epithelial__.2749FE"
"217",0,4,"RHC3546__Tcell__.C6E879","RHL2672__Epithelial__.2749FE"
"218",0,4,"RHC3546__Tcell__.C6E879","RHL2679__Epithelial__.2749FE"
"219",0,4,"RHC3546__Tcell__.C6E879","RHL2701__Epithelial__.2749FE"
"220",0,6,"RHC3546__Tcell__.C6E879","RHL2704__Tcell__.C6E879"
"221",0,4,"RHC3546__Tcell__.C6E879","RHL2716__Epithelial__.2749FE"
"222",0,4,"RHC3546__Tcell__.C6E879","RHL2717__Epithelial__.2749FE"
"223",0,4,"RHC3546__Tcell__.C6E879","RHL2718__Epithelial__.2749FE"
"224",0,5,"RHC3546__Tcell__.C6E879","RHL2723__Epithelial__.2749FE"
"225",0,4,"RHC3546__Tcell__.C6E879","RHL2724__Epithelial__.2749FE"
"226",0,4,"RHC3546__Tcell__.C6E879","RHL2733__Epithelial__.2749FE"
"227",0,7,"RHC3546__Tcell__.C6E879","RHL2738__Epithelial__.2749FE"
"228",0,4,"RHC3546__Tcell__.C6E879","RHL2747__Epithelial__.2749FE"
"229",0,4,"RHC3546__Tcell__.C6E879","RHL2749__Epithelial__.2749FE"
"230",0,6,"RHC3546__Tcell__.C6E879","RHL2752__Tcell__.C6E879"
"231",0,4,"RHC3546__Tcell__.C6E879","RHL2753__Epithelial__.2749FE"
"232",0,4,"RHC3546__Tcell__.C6E879","RHL2755__NA__grey"
"233",0,4,"RHC3546__Tcell__.C6E879","RHL2758__Epithelial__.2749FE"
"234",0,4,"RHC3546__Tcell__.C6E879","RHL2759__Epithelial__.2749FE"
"235",0,1,"RHC3546__Tcell__.C6E879","RHL2760__NA__grey"
"236",0,2,"RHC3546__Tcell__.C6E879","RHL2762__Macrophage__.FFFF55"
"237",0,4,"RHC3546__Tcell__.C6E879","RHL2763__NA__grey"
"238",0,4,"RHC3546__Tcell__.C6E879","RHL2765__Epithelial__.2749FE"
"239",0,1,"RHC3546__Tcell__.C6E879","RHL2766__Epithelial__.2749FE"
"240",0,5,"RHC3546__Tcell__.C6E879","RHL2767__Epithelial__.2749FE"
"241",0,5,"RHC3546__Tcell__.C6E879","RHL2768__Epithelial__.2749FE"
"242",0,4,"RHC3546__Tcell__.C6E879","RHL2769__Epithelial__.2749FE"
"243",0,5,"RHC3546__Tcell__.C6E879","RHL2770__Epithelial__.2749FE"
"244",0,5,"RHC3546__Tcell__.C6E879","RHL2773__Epithelial__.2749FE"
"245",0,4,"RHC3546__Tcell__.C6E879","RHL2779__Epithelial__.2749FE"
"246",0,4,"RHC3546__Tcell__.C6E879","RHL2780__Epithelial__.2749FE"
"247",0,5,"RHC3546__Tcell__.C6E879","RHL2781__Epithelial__.2749FE"
"248",0,6,"RHC3546__Tcell__.C6E879","RHL2786__Bcell__.7DEA7B"
"249",0,4,"RHC3546__Tcell__.C6E879","RHL2788__Epithelial__.2749FE"
"250",0,7,"RHC3546__Tcell__.C6E879","RHL2789__Epithelial__.2749FE"
"251",0,4,"RHC3546__Tcell__.C6E879","RHL2791__Epithelial__.2749FE"
"252",0,5,"RHC3546__Tcell__.C6E879","RHC5544__Epithelial__.2749FE"
"253",0,7,"RHC3546__Tcell__.C6E879","RHC5546__Epithelial__.2749FE"
"254",0,7,"RHC3546__Tcell__.C6E879","RHC5547__Epithelial__.2749FE"
"255",0,5,"RHC3546__Tcell__.C6E879","RHC5549__Epithelial__.2749FE"
"256",0,7,"RHC3546__Tcell__.C6E879","RHC5550__Epithelial__.2749FE"
"257",0,7,"RHC3546__Tcell__.C6E879","RHC5551__NA__grey"
"258",0,7,"RHC3546__Tcell__.C6E879","RHC5552__Epithelial__.2749FE"
"259",0,4,"RHC3546__Tcell__.C6E879","RHC5553__Epithelial__.2749FE"
"260",0,7,"RHC3546__Tcell__.C6E879","RHC5554__Epithelial__.2749FE"
"261",0,4,"RHC3546__Tcell__.C6E879","RHC5555__Epithelial__.2749FE"
"262",0,5,"RHC3546__Tcell__.C6E879","RHC5557__Epithelial__.2749FE"
"263",0,5,"RHC3546__Tcell__.C6E879","RHC5558__Epithelial__.2749FE"
"264",0,5,"RHC3546__Tcell__.C6E879","RHC5560__Epithelial__.2749FE"
"265",0,5,"RHC3546__Tcell__.C6E879","RHC5561__Epithelial__.2749FE"
"266",0,7,"RHC3546__Tcell__.C6E879","RHC5562__Epithelial__.2749FE"
"267",0,5,"RHC3546__Tcell__.C6E879","RHC5563__Epithelial__.2749FE"
"268",0,7,"RHC3546__Tcell__.C6E879","RHC5564__Epithelial__.2749FE"
"269",0,7,"RHC3546__Tcell__.C6E879","RHC5565__Epithelial__.2749FE"
"270",0,7,"RHC3546__Tcell__.C6E879","RHC5566__Epithelial__.2749FE"
"271",0,7,"RHC3546__Tcell__.C6E879","RHC5567__Epithelial__.2749FE"
"272",0,5,"RHC3546__Tcell__.C6E879","RHC5568__Epithelial__.2749FE"
"273",0,7,"RHC3546__Tcell__.C6E879","RHC5569__Epithelial__.2749FE"
"274",0,4,"RHC3546__Tcell__.C6E879","RHC5570__Epithelial__.2749FE"
"275",0,5,"RHC3546__Tcell__.C6E879","RHC5571__Tcell__.C6E879"
"276",0,7,"RHC3546__Tcell__.C6E879","RHC5574__Epithelial__.2749FE"
"277",0,4,"RHC3546__Tcell__.C6E879","RHC5575__Epithelial__.2749FE"
"278",0,6,"RHC3546__Tcell__.C6E879","RHC5576__Tcell__.C6E879"
"279",0,4,"RHC3546__Tcell__.C6E879","RHC5577__Epithelial__.2749FE"
"280",0,1,"RHC3546__Tcell__.C6E879","RHC5578__Epithelial__.2749FE"
"281",0,1,"RHC3546__Tcell__.C6E879","RHC5580__Epithelial__.2749FE"
"282",0,7,"RHC3546__Tcell__.C6E879","RHC5582__Epithelial__.2749FE"
"283",0,4,"RHC3546__Tcell__.C6E879","RHC5585__Epithelial__.2749FE"
"284",0,4,"RHC3546__Tcell__.C6E879","RHC5586__Epithelial__.2749FE"
"285",0,4,"RHC3546__Tcell__.C6E879","RHC5592__Epithelial__.2749FE"
"286",0,5,"RHC3546__Tcell__.C6E879","RHC5594__Epithelial__.2749FE"
"287",0,7,"RHC3546__Tcell__.C6E879","RHC5597__Epithelial__.2749FE"
"288",0,5,"RHC3546__Tcell__.C6E879","RHC5598__Epithelial__.2749FE"
"289",0,4,"RHC3546__Tcell__.C6E879","RHC5599__Epithelial__.2749FE"
"290",0,7,"RHC3546__Tcell__.C6E879","RHC5600__Epithelial__.2749FE"
"291",0,7,"RHC3546__Tcell__.C6E879","RHC5601__Epithelial__.2749FE"
"292",0,7,"RHC3546__Tcell__.C6E879","RHC5602__Epithelial__.2749FE"
"293",0,5,"RHC3546__Tcell__.C6E879","RHC5604__Epithelial__.2749FE"
"294",0,7,"RHC3546__Tcell__.C6E879","RHC5605__Epithelial__.2749FE"
"295",0,7,"RHC3546__Tcell__.C6E879","RHC5606__Epithelial__.2749FE"
"296",0,4,"RHC3546__Tcell__.C6E879","RHC5607__Epithelial__.2749FE"
"297",0,5,"RHC3546__Tcell__.C6E879","RHC5608__Epithelial__.2749FE"
"298",0,5,"RHC3546__Tcell__.C6E879","RHC5610__Epithelial__.2749FE"
"299",0,7,"RHC3546__Tcell__.C6E879","RHC5611__Epithelial__.2749FE"
"300",0,7,"RHC3546__Tcell__.C6E879","RHC5612__Epithelial__.2749FE"
"301",0,5,"RHC3546__Tcell__.C6E879","RHC5613__Epithelial__.2749FE"
"302",0,2,"RHC3546__Tcell__.C6E879","RHC5614__Tcell__.C6E879"
"303",0,5,"RHC3546__Tcell__.C6E879","RHC5615__Epithelial__.2749FE"
"304",0,5,"RHC3546__Tcell__.C6E879","RHC5616__Epithelial__.2749FE"
"305",0,5,"RHC3546__Tcell__.C6E879","RHC5617__Epithelial__.2749FE"
"306",0,6,"RHC3546__Tcell__.C6E879","RHC5620__Tcell__.C6E879"
"307",0,4,"RHC3546__Tcell__.C6E879","RHC5622__Epithelial__.2749FE"
"308",0,7,"RHC3546__Tcell__.C6E879","RHC5623__Epithelial__.2749FE"
"309",0,5,"RHC3546__Tcell__.C6E879","RHC5624__Epithelial__.2749FE"
"310",0,5,"RHC3546__Tcell__.C6E879","RHC5626__Epithelial__.2749FE"
"311",0,7,"RHC3546__Tcell__.C6E879","RHC5627__Epithelial__.2749FE"
"312",0,5,"RHC3546__Tcell__.C6E879","RHC5628__Epithelial__.2749FE"
"313",0,4,"RHC3546__Tcell__.C6E879","RHC5629__Epithelial__.2749FE"
"314",0,4,"RHC3546__Tcell__.C6E879","RHC5632__Epithelial__.2749FE"
"315",0,4,"RHC3546__Tcell__.C6E879","RHC5633__Epithelial__.2749FE"
"316",0,5,"RHC3546__Tcell__.C6E879","RHC5637__Epithelial__.2749FE"
"317",0,5,"RHC3546__Tcell__.C6E879","RHC5643__Epithelial__.2749FE"
"318",0,7,"RHC3546__Tcell__.C6E879","RHC5644__Epithelial__.2749FE"
"319",0,6,"RHC3546__Tcell__.C6E879","RHC5646__Tcell__.C6E879"
"320",0,4,"RHC3546__Tcell__.C6E879","RHC5647__Epithelial__.2749FE"
"321",0,4,"RHC3546__Tcell__.C6E879","RHC5658__Epithelial__.2749FE"
"322",0,4,"RHC3546__Tcell__.C6E879","RHC5665__Epithelial__.2749FE"
"323",0,1,"RHC3546__Tcell__.C6E879","RHC5666__Bcell__.7DEA7B"
"324",0,7,"RHC3546__Tcell__.C6E879","RHC5698__Epithelial__.2749FE"
"325",0,6,"RHC3546__Tcell__.C6E879","RHC5699__Tcell__.C6E879"
"326",0,5,"RHC3546__Tcell__.C6E879","RHC5701__Epithelial__.2749FE"
"327",0,6,"RHC3546__Tcell__.C6E879","RHC5702__Tcell__.C6E879"
"328",0,1,"RHC3546__Tcell__.C6E879","RHC5704__Epithelial__.2749FE"
"329",0,5,"RHC3546__Tcell__.C6E879","RHC5707__Epithelial__.2749FE"
"330",0,1,"RHC3546__Tcell__.C6E879","RHC5710__Epithelial__.2749FE"
"331",0,5,"RHC3546__Tcell__.C6E879","RHC5711__Bcell__.7DEA7B"
"332",0,3,"RHC3546__Tcell__.C6E879","RHC5714__Epithelial__.2749FE"
"333",0,3,"RHC3546__Tcell__.C6E879","RHC5716__Epithelial__.2749FE"
"334",0,7,"RHC3546__Tcell__.C6E879","RHC5718__Tcell__.C6E879"
"335",0,4,"RHC3546__Tcell__.C6E879","RHC5761__NA__grey"
"336",0,1,"RHC3546__Tcell__.C6E879","RHC5764__Epithelial__.2749FE"
"337",0,1,"RHC3546__Tcell__.C6E879","RHC5765__Epithelial__.2749FE"
"338",0,4,"RHC3546__Tcell__.C6E879","RHC5768__Epithelial__.2749FE"
"339",0,4,"RHC3546__Tcell__.C6E879","RHC5783__Epithelial__.2749FE"
"340",0,4,"RHC3546__Tcell__.C6E879","RHC5785__NA__grey"
"341",0,7,"RHC3546__Tcell__.C6E879","RHC5790__Epithelial__.2749FE"
"342",0,4,"RHC3546__Tcell__.C6E879","RHC5801__Tcell__.C6E879"
"343",0,1,"RHC3546__Tcell__.C6E879","RHC5808__Epithelial__.2749FE"
"344",0,6,"RHC3546__Tcell__.C6E879","RHC5810__Tcell__.C6E879"
"345",0,2,"RHC3546__Tcell__.C6E879","RHC5811__Macrophage__.FFFF55"
"346",0,4,"RHC3546__Tcell__.C6E879","RHC5814__Tcell__.C6E879"
"347",0,4,"RHC3546__Tcell__.C6E879","RHC5815__Epithelial__.2749FE"
"348",0,1,"RHC3546__Tcell__.C6E879","RHC5816__Epithelial__.2749FE"
"349",0,6,"RHC3546__Tcell__.C6E879","RHC5827__Tcell__.C6E879"
"350",0,1,"RHC3546__Tcell__.C6E879","RHC5831__Epithelial__.2749FE"
"351",0,1,"RHC3546__Tcell__.C6E879","RHC5834__Macrophage__.FFFF55"
"352",0,7,"RHC3546__Tcell__.C6E879","RHC5840__Epithelial__.2749FE"
"353",0,1,"RHC3546__Tcell__.C6E879","RHC5844__NA__grey"
"354",0,4,"RHC3546__Tcell__.C6E879","RHC5879__Epithelial__.2749FE"
"355",0,5,"RHC3546__Tcell__.C6E879","RHC5892__Endothelial__.908DE5"
"356",0,5,"RHC3546__Tcell__.C6E879","RHC5896__Epithelial__.2749FE"
"357",0,3,"RHC3546__Tcell__.C6E879","RHC5899__Fibroblast__.FB4E09"
"358",0,4,"RHC3546__Tcell__.C6E879","RHC5906__Epithelial__.2749FE"
"359",0,4,"RHC3546__Tcell__.C6E879","RHC5908__Epithelial__.2749FE"
"360",0,6,"RHC3546__Tcell__.C6E879","RHC5910__Tcell__.C6E879"
"361",0,4,"RHC3546__Tcell__.C6E879","RHC5914__NA__grey"
"362",0,1,"RHC3546__Tcell__.C6E879","RHC5918__NA__grey"
"363",0,6,"RHC3546__Tcell__.C6E879","RHC5930__Tcell__.C6E879"
"364",0,6,"RHC3546__Tcell__.C6E879","RHC5967__Tcell__.C6E879"
"365",0,6,"RHC3546__Tcell__.C6E879","RHC5982__Tcell__.C6E879"
"366",0,3,"RHC3546__Tcell__.C6E879","RHC5991__Fibroblast__.FB4E09"
"367",0,6,"RHC3546__Tcell__.C6E879","RHC5995__Tcell__.C6E879"
"368",0,2,"RHC3546__Tcell__.C6E879","RHC5999__Macrophage__.FFFF55"
"369",0,6,"RHC3546__Tcell__.C6E879","RHC6004__Tcell__.C6E879"
"370",0,6,"RHC3546__Tcell__.C6E879","RHC6010__Tcell__.C6E879"
"371",0,1,"RHC3546__Tcell__.C6E879","RHC6022__Tcell__.C6E879"
"372",0,3,"RHC3546__Tcell__.C6E879","RHC6030__Fibroblast__.FB4E09"
"373",0,2,"RHC3546__Tcell__.C6E879","RHC6033__Macrophage__.FFFF55"
"374",0,6,"RHC3546__Tcell__.C6E879","RHC6039__Tcell__.C6E879"
"375",0,2,"RHC3546__Tcell__.C6E879","RHC6041__Macrophage__.FFFF55"
